alumni_id,alumni_name,alumni_dob,alumni_grad_year,alumni_school,salary
0,Joseph Johnson,1970-02-22,2000-02-22,Johns Hopkins University School of Medicine,309534.155076057
1,Jason Williams,1982-12-22,2012-12-22,Mayo Clinic Alix School of Medicine,281114.503558527
2,Jesse Gordon,1959-06-03,1989-06-03,David Geffen School of Medicine at UCLA,305845.584636055
3,Heather Smith,1965-06-15,1995-06-15,NYU Grossman Medical School,295239.766688681
4,Kayla Hunter DDS,1978-10-19,2008-10-19,David Geffen School of Medicine at UCLA,298751.355201225
5,Christopher Jordan,1989-11-04,2019-11-04,NYU Grossman Medical School,316681.699434866
6,Elaine Medina,1957-12-24,1987-12-24,Baylor College of Medicine,283743.026268344
7,Donna Mcintyre,1987-03-12,2017-03-12,Perelman School of Medicine (University of Pennsylvania),319166.731378103
8,Richard Tucker,1983-04-02,2013-04-02,Perelman School of Medicine (University of Pennsylvania),347019.235999169
9,Kimberly Oliver,1989-06-02,2019-06-02,Stanford University School of Medicine,310293.272488553
10,Christopher Williamson,1974-01-22,2004-01-22,"University of California, San Francisco School of Medicine",276537.129441826
11,Cory Campbell,1988-11-08,2018-11-08,Stanford University School of Medicine,281549.459659806
12,Cathy Church,1951-12-30,1981-12-30,NYU Grossman Medical School,292552.112976447
13,Kristopher Wiley Jr.,1951-11-30,1981-11-30,Yale School of Medicine,282153.291087913
14,Denise Chavez,1969-09-04,1999-09-04,Columbia University Vagelos College of Physicians and Surgeons,270264.590711698
15,Jason Merritt,1989-09-25,2019-09-25,Johns Hopkins University School of Medicine,304632.218308851
16,Jacqueline Mcneil DVM,1988-02-14,2018-02-14,Columbia University Vagelos College of Physicians and Surgeons,293364.080048226
17,Veronica Moore,1970-04-06,2000-04-06,University of Chicago Pritzker School of Medicine,305691.626506742
18,Steven Watson,1961-06-03,1991-06-03,Columbia University Vagelos College of Physicians and Surgeons,335591.622366459
19,Ryan Brown,1961-12-09,1991-12-09,Harvard Medical School,292909.414982269
20,Ashley Pena,1956-11-07,1986-11-07,Columbia University Vagelos College of Physicians and Surgeons,264437.399859591
21,Erin Grimes,1965-01-08,1995-01-08,Stanford University School of Medicine,288033.225232393
22,Kimberly Johnson,1972-10-27,2002-10-27,Mayo Clinic Alix School of Medicine,323112.756513499
23,Tyler Lopez,1962-04-19,1992-04-19,University of Texas Southwestern Medical School,320303.108121509
24,Karen Clark,1980-06-22,2010-06-22,Mayo Clinic Alix School of Medicine,315559.189428407
25,Abigail Fuller,1970-12-13,2000-12-13,Perelman School of Medicine (University of Pennsylvania),281258.798305137
26,Ryan Vasquez,1953-03-13,1983-03-13,University of Texas Southwestern Medical School,322557.078540981
27,Lisa Wilkinson,1952-11-28,1982-11-28,University of Michigan Medical School,329306.972341112
28,Jason Little,1980-08-05,2010-08-05,Johns Hopkins University School of Medicine,279137.351103301
29,Heather Smith,1962-12-13,1992-12-13,Johns Hopkins University School of Medicine,298752.897073724
30,Denise Perez,1975-08-06,2005-08-06,Harvard Medical School,360612.058910463
31,Joseph Roman,1964-08-09,1994-08-09,Yale School of Medicine,277803.771706098
32,Elizabeth Beck,1974-06-08,2004-06-08,Stanford University School of Medicine,248847.399922688
33,Deborah Wright,1961-11-09,1991-11-09,Perelman School of Medicine (University of Pennsylvania),341487.133033944
34,Renee Hicks,1968-08-15,1998-08-15,Baylor College of Medicine,334098.143151137
35,Keith Reed,1963-04-09,1993-04-09,University of Chicago Pritzker School of Medicine,286290.980292677
36,Beverly Jordan,1968-06-06,1998-06-06,Yale School of Medicine,296610.246543957
37,Ronald Hernandez Jr.,1992-01-29,2022-01-29,Johns Hopkins University School of Medicine,263251.948494331
38,Colleen Ward,1956-12-14,1986-12-14,Mayo Clinic Alix School of Medicine,302668.568178291
39,Lauren Rojas,1969-04-27,1999-04-27,Columbia University Vagelos College of Physicians and Surgeons,334977.411461142
40,Logan Diaz,1981-07-13,2011-07-13,Columbia University Vagelos College of Physicians and Surgeons,283721.854747252
41,Joshua Jenkins,1981-06-20,2011-06-20,University of Michigan Medical School,326313.059363589
42,Joyce Brown,1954-03-23,1984-03-23,Perelman School of Medicine (University of Pennsylvania),313911.715721713
43,Christina Richards,1988-03-26,2018-03-26,Stanford University School of Medicine,317334.506726434
44,Ryan Curry,1967-04-15,1997-04-15,Stanford University School of Medicine,285470.724582409
45,Lauren Williams,1987-10-21,2017-10-21,"University of California, San Francisco School of Medicine",289361.274511995
46,Nathan Fischer,1976-03-25,2006-03-25,NYU Grossman Medical School,244596.826965858
47,Tanya Sharp,1973-10-18,2003-10-18,Washington University in St. Louis School of Medicine,282999.917624697
48,Amber Thomas,1970-07-09,2000-07-09,Johns Hopkins University School of Medicine,334904.563740938
49,Alan Watkins,1961-10-22,1991-10-22,Stanford University School of Medicine,272120.034176932
50,Derek Phillips,1953-08-17,1983-08-17,University of Michigan Medical School,276590.950384293
51,Patricia Quinn,1958-08-08,1988-08-08,Mayo Clinic Alix School of Medicine,319205.694711214
52,Brian Rivera,1954-12-16,1984-12-16,Perelman School of Medicine (University of Pennsylvania),312083.048759793
53,Raymond Berry,1968-01-15,1998-01-15,University of Chicago Pritzker School of Medicine,320695.897493889
54,Sabrina Rodriguez,1964-07-07,1994-07-07,"University of California, San Francisco School of Medicine",265103.383797288
55,Tonya Warner,1992-05-25,2022-05-25,University of Michigan Medical School,376921.73847901
56,Lori Burns,1982-01-27,2012-01-27,David Geffen School of Medicine at UCLA,263527.398774982
57,Michael Olson,1963-01-01,1993-01-01,Harvard Medical School,304627.419412022
58,Jesse Hall,1975-11-01,2005-11-01,University of Chicago Pritzker School of Medicine,295240.335123942
59,Jonathan Lucas,1960-02-27,1990-02-27,NYU Grossman Medical School,264400.754479049
60,Jenna Taylor,1985-11-29,2015-11-29,David Geffen School of Medicine at UCLA,288893.717315603
61,Denise Murray,1976-03-21,2006-03-21,Baylor College of Medicine,300699.228026576
62,Stephanie Vargas,1977-10-16,2007-10-16,NYU Grossman Medical School,280500.803644096
63,Gabrielle Pitts,1967-11-18,1997-11-18,Columbia University Vagelos College of Physicians and Surgeons,328116.708646045
64,Breanna Cruz,1977-11-23,2007-11-23,Harvard Medical School,295151.227636126
65,Dean Hart,1990-03-15,2020-03-15,Johns Hopkins University School of Medicine,259761.759869451
66,Kim Gray,1951-05-20,1981-05-20,Mayo Clinic Alix School of Medicine,257216.234019921
67,Jonathan Decker,1953-04-29,1983-04-29,Harvard Medical School,318184.952718344
68,Scott Barton,1954-03-12,1984-03-12,NYU Grossman Medical School,255396.87651899
69,Terry Leon,1952-04-03,1982-04-03,Washington University in St. Louis School of Medicine,309492.782191473
70,Gerald Smith,1963-10-09,1993-10-09,David Geffen School of Medicine at UCLA,313339.655570009
71,Jennifer Baldwin MD,1986-10-07,2016-10-07,Johns Hopkins University School of Medicine,270139.339082279
72,Amy Smith,1955-10-07,1985-10-07,University of Texas Southwestern Medical School,326722.142513247
73,Carmen Larsen,1959-12-07,1989-12-07,Washington University in St. Louis School of Medicine,248466.191287151
74,Robert Pratt,1985-07-08,2015-07-08,Columbia University Vagelos College of Physicians and Surgeons,308893.768019957
75,David Lopez,1955-01-27,1985-01-27,Washington University in St. Louis School of Medicine,298774.26199212
76,Miguel Davidson,1963-06-12,1993-06-12,"University of California, San Francisco School of Medicine",296430.060728073
77,Zachary Campbell,1980-02-16,2010-02-16,"University of California, San Francisco School of Medicine",264663.100710583
78,Dr. Parker Joseph,1987-11-26,2017-11-26,Baylor College of Medicine,271889.339868002
79,Catherine Haynes,1982-01-17,2012-01-17,NYU Grossman Medical School,348564.060750618
80,John Johnson,1993-02-25,2023-02-25,Perelman School of Medicine (University of Pennsylvania),336454.650266153
81,Casey Reyes,1966-12-13,1996-12-13,University of Chicago Pritzker School of Medicine,322262.537655714
82,Rebecca Wallace,1965-06-16,1995-06-16,University of Chicago Pritzker School of Medicine,328195.443105891
83,Kayla Lawson,1976-04-02,2006-04-02,University of Texas Southwestern Medical School,325380.406340138
84,Zachary Turner,1982-05-22,2012-05-22,University of Texas Southwestern Medical School,290299.313631414
85,Jesus Snyder,1972-01-19,2002-01-19,Johns Hopkins University School of Medicine,301428.106554431
86,Kyle Nichols,1959-02-13,1989-02-13,Columbia University Vagelos College of Physicians and Surgeons,255824.74865877
87,Nancy Nichols,1973-09-19,2003-09-19,Stanford University School of Medicine,297309.131195774
88,Andrew King,1969-06-24,1999-06-24,Baylor College of Medicine,335502.427486176
89,Bryan Jones,1986-06-24,2016-06-24,"University of California, San Francisco School of Medicine",280178.782552286
90,Jordan Sparks,1953-09-15,1983-09-15,Johns Hopkins University School of Medicine,330694.236140617
91,Madison Hardin,1980-01-19,2010-01-19,Stanford University School of Medicine,302747.572160813
92,Doris Rodriguez,1980-03-07,2010-03-07,University of Chicago Pritzker School of Medicine,258438.844029908
93,Jose Carroll,1951-10-30,1981-10-30,Perelman School of Medicine (University of Pennsylvania),266780.414599611
94,Johnny White MD,1975-07-26,2005-07-26,Washington University in St. Louis School of Medicine,327579.086091233
95,Karen Collier,1987-05-26,2017-05-26,"University of California, San Francisco School of Medicine",316575.722557752
96,Julie Zimmerman,1960-03-08,1990-03-08,Johns Hopkins University School of Medicine,303052.922189629
97,Timothy Martinez,1970-06-28,2000-06-28,Harvard Medical School,291779.045572562
98,Jennifer Walker,1951-06-24,1981-06-24,Stanford University School of Medicine,306317.039328858
99,Joel Copeland,1963-08-05,1993-08-05,Washington University in St. Louis School of Medicine,326408.887477597
100,Lisa Brewer,1963-03-29,1993-03-29,"University of California, San Francisco School of Medicine",344275.598414618
101,Edward Miller,1966-07-18,1996-07-18,University of Chicago Pritzker School of Medicine,345710.525983218
102,Leslie Williams,1990-08-16,2020-08-16,University of Michigan Medical School,311158.797022755
103,Miss Maria King,1970-01-08,2000-01-08,Columbia University Vagelos College of Physicians and Surgeons,294842.049289064
104,Kristin Phillips,1964-07-26,1994-07-26,Stanford University School of Medicine,304387.440234566
105,Maria Thompson,1986-03-09,2016-03-09,University of Chicago Pritzker School of Medicine,315663.610717652
106,Mark Vang,1957-08-11,1987-08-11,"University of California, San Francisco School of Medicine",315542.008315353
107,Elizabeth Henderson,1954-05-01,1984-05-01,Stanford University School of Medicine,339239.599114203
108,Troy Wilson,1984-09-16,2014-09-16,Baylor College of Medicine,363472.6716575
109,Candice Manning,1965-08-23,1995-08-23,Washington University in St. Louis School of Medicine,293842.361111577
110,Deborah Sampson,1963-02-26,1993-02-26,Yale School of Medicine,364676.547264734
111,Joshua Martinez,1977-10-02,2007-10-02,"University of California, San Francisco School of Medicine",335167.177402752
112,Ronald Taylor,1950-01-10,1980-01-10,Baylor College of Medicine,296975.310294444
113,Rebecca Mckinney,1964-01-12,1994-01-12,David Geffen School of Medicine at UCLA,344956.945165952
114,Crystal Wallace,1952-10-12,1982-10-12,Johns Hopkins University School of Medicine,350569.449042575
115,Katrina Torres,1956-01-03,1986-01-03,University of Michigan Medical School,286191.136674185
116,Michael Watson,1973-01-15,2003-01-15,University of Texas Southwestern Medical School,351966.457574569
117,Natalie Browning,1987-02-06,2017-02-06,Washington University in St. Louis School of Medicine,332252.484631079
118,Todd Mccormick,1989-09-25,2019-09-25,Stanford University School of Medicine,371056.773839376
119,Christopher Zhang,1961-05-21,1991-05-21,Columbia University Vagelos College of Physicians and Surgeons,287278.842540015
120,Maurice Lane,1969-01-31,1999-01-31,University of Chicago Pritzker School of Medicine,289397.19768792
121,Emily Lucas,1968-12-30,1998-12-30,University of Texas Southwestern Medical School,239200.1361077
122,Matthew Marks,1987-09-16,2017-09-16,Harvard Medical School,317135.817617039
123,Linda Morris,1978-04-28,2008-04-28,University of Chicago Pritzker School of Medicine,311257.537668562
124,Christy Huff,1969-11-23,1999-11-23,Stanford University School of Medicine,283110.18985393
125,Anthony Lynch,1973-10-29,2003-10-29,University of Michigan Medical School,297544.478055358
126,Jessica Rodriguez,1951-01-20,1981-01-20,NYU Grossman Medical School,260663.369694747
127,Rick Herrera,1951-02-09,1981-02-09,University of Chicago Pritzker School of Medicine,335953.348584951
128,Kathleen Evans,1972-05-20,2002-05-20,NYU Grossman Medical School,285309.015764151
129,Dustin Perez,1991-07-03,2021-07-03,Johns Hopkins University School of Medicine,392821.470468629
130,Charles Kim,1984-12-11,2014-12-11,University of Michigan Medical School,294731.960978669
131,Justin Anderson,1976-12-30,2006-12-30,"University of California, San Francisco School of Medicine",277211.434768551
132,Louis Sullivan,1966-05-26,1996-05-26,Baylor College of Medicine,287630.606437954
133,Samuel Hill,1991-05-12,2021-05-12,Harvard Medical School,257641.170703672
134,Rhonda Diaz,1959-12-16,1989-12-16,Mayo Clinic Alix School of Medicine,314468.156721088
135,Melissa Garrett,1979-11-21,2009-11-21,Stanford University School of Medicine,287403.009006626
136,Alexis Hutchinson,1963-03-03,1993-03-03,Perelman School of Medicine (University of Pennsylvania),333937.583711932
137,Samantha Barrett,1986-11-04,2016-11-04,Mayo Clinic Alix School of Medicine,291757.575144767
138,Melissa Paul,1992-04-14,2022-04-14,University of Chicago Pritzker School of Medicine,341533.263350569
139,Angelica Houston,1966-06-03,1996-06-03,University of Texas Southwestern Medical School,322723.672479511
140,Joseph Jones,1955-08-11,1985-08-11,Stanford University School of Medicine,300857.90330155
141,Miguel Stout,1983-10-13,2013-10-13,Baylor College of Medicine,347406.977620525
142,Andrew James,1962-06-11,1992-06-11,David Geffen School of Medicine at UCLA,328568.803831116
143,Russell Morris,1963-08-17,1993-08-17,Baylor College of Medicine,388386.384799897
144,David Hicks,1984-12-23,2014-12-23,Perelman School of Medicine (University of Pennsylvania),287716.342650654
145,Michael Miranda,1977-06-03,2007-06-03,Harvard Medical School,302298.483163754
146,Shawn Ellis,1959-05-13,1989-05-13,Baylor College of Medicine,347061.270330328
147,Lauren Williams,1989-07-05,2019-07-05,Columbia University Vagelos College of Physicians and Surgeons,253693.865644947
148,Jennifer Mccall,1969-10-27,1999-10-27,David Geffen School of Medicine at UCLA,339508.306896977
149,Erik Guerrero,1989-09-02,2019-09-02,Mayo Clinic Alix School of Medicine,313179.082730444
150,Kerry Hart,1978-05-11,2008-05-11,"University of California, San Francisco School of Medicine",273353.677336583
151,Kyle Campbell,1961-12-12,1991-12-12,Johns Hopkins University School of Medicine,259108.810243466
152,Tamara Potter,1977-11-11,2007-11-11,Columbia University Vagelos College of Physicians and Surgeons,279825.315806091
153,Tracy Garza,1973-01-27,2003-01-27,Yale School of Medicine,231455.412830233
154,Mr. Justin Bryant,1973-06-29,2003-06-29,David Geffen School of Medicine at UCLA,285313.816689255
155,Richard Miller,1963-04-21,1993-04-21,"University of California, San Francisco School of Medicine",318676.690000277
156,Melissa Conway,1977-06-28,2007-06-28,"University of California, San Francisco School of Medicine",285710.980770935
157,Jessica Cain,1991-10-07,2021-10-07,Stanford University School of Medicine,341649.381043014
158,Christopher Stanley,1981-05-28,2011-05-28,David Geffen School of Medicine at UCLA,349798.428081759
159,Roger Craig,1953-06-06,1983-06-06,Harvard Medical School,338269.334478773
160,Yvonne Jacobs,1969-02-26,1999-02-26,University of Chicago Pritzker School of Medicine,306919.227307931
161,Teresa Frost,1983-05-01,2013-05-01,Perelman School of Medicine (University of Pennsylvania),230259.621825406
162,Andrew Bates,1962-10-18,1992-10-18,Yale School of Medicine,278889.075239022
163,Eric Marquez,1993-03-17,2023-03-17,Perelman School of Medicine (University of Pennsylvania),295738.844196768
164,Michael Bates,1985-09-25,2015-09-25,Mayo Clinic Alix School of Medicine,273183.970514856
165,Jessica Anderson,1968-11-03,1998-11-03,Mayo Clinic Alix School of Medicine,295814.835735403
166,William Bailey,1969-01-10,1999-01-10,Perelman School of Medicine (University of Pennsylvania),348302.024060801
167,Johnny Morgan,1976-01-26,2006-01-26,Baylor College of Medicine,250626.70411454
168,Rachel Oneill,1971-12-14,2001-12-14,Harvard Medical School,354350.761683571
169,Crystal Cruz,1969-01-02,1999-01-02,NYU Grossman Medical School,326541.792652624
170,Tiffany Hodges,1977-12-14,2007-12-14,Baylor College of Medicine,308046.504248331
171,Sarah Gardner,1976-02-24,2006-02-24,University of Texas Southwestern Medical School,278591.503327777
172,Benjamin Stevens,1962-09-12,1992-09-12,Baylor College of Medicine,273781.489635257
173,Tony Mason,1963-04-17,1993-04-17,Johns Hopkins University School of Medicine,251213.468562338
174,Courtney Walton,1978-04-04,2008-04-04,Washington University in St. Louis School of Medicine,351502.964409432
175,Catherine Howard,1963-05-25,1993-05-25,University of Chicago Pritzker School of Medicine,346128.346802221
176,Scott Scott,1969-04-14,1999-04-14,Johns Hopkins University School of Medicine,257811.461142502
177,April Shea,1961-05-27,1991-05-27,Stanford University School of Medicine,283421.160152814
178,Derrick Krause,1971-09-29,2001-09-29,Washington University in St. Louis School of Medicine,312994.343076957
179,Elizabeth White,1989-05-24,2019-05-24,Washington University in St. Louis School of Medicine,291014.725854834
180,Patrick Williams,1965-04-01,1995-04-01,David Geffen School of Medicine at UCLA,242439.757289045
181,Kelsey Dillon,1961-10-10,1991-10-10,Harvard Medical School,280266.817183329
182,Jamie Fisher,1967-03-02,1997-03-02,Harvard Medical School,358531.028940601
183,Tamara Potter,1960-06-15,1990-06-15,Washington University in St. Louis School of Medicine,282300.642287567
184,Beth Hall,1982-11-24,2012-11-24,University of Texas Southwestern Medical School,295095.979898934
185,Derek Edwards,1983-07-01,2013-07-01,Baylor College of Medicine,265644.677278939
186,Tara Payne,1967-02-15,1997-02-15,David Geffen School of Medicine at UCLA,317632.889558512
187,Carla Miller,1970-02-15,2000-02-15,University of Chicago Pritzker School of Medicine,303454.553970737
188,Angela Vance,1991-07-28,2021-07-28,Washington University in St. Louis School of Medicine,277739.407753291
189,Jon Prince,1967-01-30,1997-01-30,Columbia University Vagelos College of Physicians and Surgeons,260860.338125777
190,Sally Jones,1966-09-04,1996-09-04,Mayo Clinic Alix School of Medicine,342136.301220326
191,Sean Best,1981-11-11,2011-11-11,Mayo Clinic Alix School of Medicine,251833.697800768
192,Lisa Esparza,1984-08-17,2014-08-17,Johns Hopkins University School of Medicine,315114.470867687
193,Kelly Scott MD,1977-02-19,2007-02-19,Stanford University School of Medicine,235383.622658653
194,Steven Rivera,1973-03-13,2003-03-13,University of Michigan Medical School,321216.350490371
195,John Novak,1958-12-11,1988-12-11,University of Michigan Medical School,329108.966617802
196,Connie Tucker,1951-10-29,1981-10-29,Mayo Clinic Alix School of Medicine,332843.511349197
197,Barbara Warner,1961-06-20,1991-06-20,NYU Grossman Medical School,295163.745942904
198,Laura Garrett,1977-10-27,2007-10-27,"University of California, San Francisco School of Medicine",347520.108166911
199,Sarah Brewer,1980-12-23,2010-12-23,Johns Hopkins University School of Medicine,369233.750849882
200,Kevin Warner,1985-04-18,2015-04-18,University of Michigan Medical School,290351.305918621
201,Heather Anderson,1963-01-30,1993-01-30,Mayo Clinic Alix School of Medicine,286469.849096102
202,Kyle Vasquez,1960-09-05,1990-09-05,Stanford University School of Medicine,304475.317810348
203,Robert Chen,1987-07-22,2017-07-22,University of Michigan Medical School,285669.595623174
204,Karen Klein,1969-02-11,1999-02-11,Baylor College of Medicine,281283.894119696
205,James Mckinney,1967-06-17,1997-06-17,Baylor College of Medicine,283897.843792755
206,Joe Mendoza,1977-10-26,2007-10-26,Harvard Medical School,351472.680240187
207,Sarah Lane,1988-09-02,2018-09-02,University of Texas Southwestern Medical School,323156.459851063
208,Erica George,1994-07-31,2024-07-31,Harvard Medical School,285571.616182257
209,Katie Huber,1978-09-19,2008-09-19,University of Chicago Pritzker School of Medicine,226346.249228331
210,Steven Smith,1964-05-07,1994-05-07,Washington University in St. Louis School of Medicine,253666.065191806
211,Allison Steele,1978-08-15,2008-08-15,Columbia University Vagelos College of Physicians and Surgeons,315102.872478056
212,Erika Ingram,1978-09-09,2008-09-09,Harvard Medical School,236353.321758335
213,Ann Joseph,1983-12-08,2013-12-08,Yale School of Medicine,308789.805823559
214,Amy Daniels,1962-02-19,1992-02-19,University of Michigan Medical School,268033.088254049
215,Meagan Herrera,1987-02-24,2017-02-24,NYU Grossman Medical School,302754.17323742
216,David Lopez,1988-10-26,2018-10-26,David Geffen School of Medicine at UCLA,301915.689040024
217,Terry Short,1950-10-30,1980-10-30,Mayo Clinic Alix School of Medicine,303617.698016721
218,Patricia Stewart,1950-02-25,1980-02-25,David Geffen School of Medicine at UCLA,288167.344587644
219,Robert Davis,1985-08-18,2015-08-18,Yale School of Medicine,287181.431231768
220,Joy Yoder,1973-11-13,2003-11-13,Stanford University School of Medicine,278376.287431907
221,Julie Walker,1972-04-25,2002-04-25,Harvard Medical School,314516.769517257
222,Destiny Lloyd,1955-10-27,1985-10-27,Columbia University Vagelos College of Physicians and Surgeons,324155.780243428
223,Karen Smith,1981-06-06,2011-06-06,Stanford University School of Medicine,263430.824323916
224,Mary Mahoney,1993-02-09,2023-02-09,"University of California, San Francisco School of Medicine",298451.145831232
225,Kathy Smith,1968-08-23,1998-08-23,"University of California, San Francisco School of Medicine",305897.462204632
226,Kathryn Johnson,1962-08-27,1992-08-27,David Geffen School of Medicine at UCLA,305513.134038691
227,Chad Peterson,1991-03-01,2021-03-01,Washington University in St. Louis School of Medicine,305003.088587896
228,April Bailey,1987-04-20,2017-04-20,Johns Hopkins University School of Medicine,287938.955689643
229,Alisha Figueroa,1964-01-14,1994-01-14,Washington University in St. Louis School of Medicine,308370.912763876
230,Julia Hoffman,1964-01-10,1994-01-10,University of Michigan Medical School,318540.861329509
231,Virginia Robinson,1966-01-27,1996-01-27,Yale School of Medicine,304231.099674677
232,Dennis Edwards,1954-03-12,1984-03-12,Baylor College of Medicine,315178.195096012
233,William Hart,1972-05-17,2002-05-17,University of Chicago Pritzker School of Medicine,329710.602331125
234,Karen Klein,1971-01-04,2001-01-04,Washington University in St. Louis School of Medicine,244471.789263142
235,Ashley Jackson,1968-11-04,1998-11-04,University of Texas Southwestern Medical School,328303.915255961
236,Danielle Herring,1955-03-22,1985-03-22,University of Chicago Pritzker School of Medicine,310272.832956638
237,Frederick Ellis,1958-06-14,1988-06-14,Yale School of Medicine,266651.240167838
238,Thomas Middleton,1986-12-21,2016-12-21,University of Chicago Pritzker School of Medicine,324074.126469591
239,Michael Robinson,1972-04-27,2002-04-27,Columbia University Vagelos College of Physicians and Surgeons,288050.372819281
240,David Foster,1965-09-29,1995-09-29,Harvard Medical School,292141.006910443
241,Samantha Mendez,1984-12-20,2014-12-20,Columbia University Vagelos College of Physicians and Surgeons,284769.60652603
242,Isabel Mason,1978-02-10,2008-02-10,University of Chicago Pritzker School of Medicine,309071.965327147
243,Leah Meadows,1952-11-28,1982-11-28,Stanford University School of Medicine,276439.405724638
244,Rebecca Hernandez,1967-01-21,1997-01-21,"University of California, San Francisco School of Medicine",327044.238898434
245,Victor Dean,1991-06-22,2021-06-22,University of Chicago Pritzker School of Medicine,295834.12238416
246,Miranda Meza,1962-09-07,1992-09-07,Columbia University Vagelos College of Physicians and Surgeons,289073.925495362
247,Toni Caldwell,1967-03-21,1997-03-21,NYU Grossman Medical School,322586.270328419
248,Joseph Gonzales,1959-11-06,1989-11-06,Yale School of Medicine,290413.297130428
249,Tammy Hart,1981-06-02,2011-06-02,Stanford University School of Medicine,328445.304760869
250,Vicki Thornton,1966-11-21,1996-11-21,Columbia University Vagelos College of Physicians and Surgeons,329387.788525226
251,William Soto,1976-10-26,2006-10-26,Washington University in St. Louis School of Medicine,259955.884853431
252,Michael Bennett,1970-09-14,2000-09-14,Mayo Clinic Alix School of Medicine,333277.806066688
253,Joshua Brewer,1972-08-11,2002-08-11,David Geffen School of Medicine at UCLA,256138.920854943
254,Debra Crawford,1967-06-12,1997-06-12,Johns Hopkins University School of Medicine,335147.415806475
255,Natalie Mitchell,1989-05-05,2019-05-05,Baylor College of Medicine,360850.715766907
256,Timothy Riley,1985-05-07,2015-05-07,Columbia University Vagelos College of Physicians and Surgeons,326245.033148074
257,Kyle Campbell,1971-10-01,2001-10-01,University of Texas Southwestern Medical School,235290.58065901
258,Joseph Santiago,1983-05-27,2013-05-27,Johns Hopkins University School of Medicine,331906.971581581
259,Christine Perkins,1993-01-23,2023-01-23,Yale School of Medicine,367383.86897808
260,Kristine Watson,1968-06-13,1998-06-13,NYU Grossman Medical School,290909.050770059
261,Isaac Walker,1993-07-27,2023-07-27,Perelman School of Medicine (University of Pennsylvania),298958.900399103
262,Sean Williams,1956-10-08,1986-10-08,Columbia University Vagelos College of Physicians and Surgeons,264345.398342207
263,Elizabeth Meyer,1992-12-05,2022-12-05,Mayo Clinic Alix School of Medicine,309362.38256459
264,John Henderson,1954-10-28,1984-10-28,Johns Hopkins University School of Medicine,338075.315476294
265,Tara Harris,1977-11-02,2007-11-02,Baylor College of Medicine,320932.113844484
266,Michael Delgado,1978-11-24,2008-11-24,University of Chicago Pritzker School of Medicine,394259.009318634
267,Michael Watson,1989-02-02,2019-02-02,Columbia University Vagelos College of Physicians and Surgeons,300990.811288974
268,Michael Gibbs,1960-06-09,1990-06-09,Harvard Medical School,251079.798977542
269,Angela Stein,1954-05-25,1984-05-25,NYU Grossman Medical School,305129.129147047
270,James Cooper,1965-05-24,1995-05-24,Yale School of Medicine,227506.447043625
271,Jennifer Quinn,1968-07-12,1998-07-12,David Geffen School of Medicine at UCLA,284006.882254065
272,Lance Gonzalez,1981-10-18,2011-10-18,Mayo Clinic Alix School of Medicine,348731.461758006
273,Jamie Wiley,1978-12-29,2008-12-29,University of Michigan Medical School,309754.009458953
274,Jeremy Arnold,1988-02-09,2018-02-09,University of Michigan Medical School,305382.504384938
275,Valerie Smith,1985-09-20,2015-09-20,University of Texas Southwestern Medical School,354623.411301461
276,Katherine Jones,1957-02-03,1987-02-03,Johns Hopkins University School of Medicine,291882.003250099
277,Steven Watson,1961-11-03,1991-11-03,Mayo Clinic Alix School of Medicine,337854.612388023
278,Daniel Martinez,1979-07-15,2009-07-15,Stanford University School of Medicine,303879.20925499
279,Julia Lam,1974-12-12,2004-12-12,Baylor College of Medicine,311401.423903771
280,Willie Gutierrez,1964-08-17,1994-08-17,David Geffen School of Medicine at UCLA,263480.85432411
281,Stephen Johnson,1994-11-15,2024-11-15,University of Chicago Pritzker School of Medicine,285538.596155153
282,Timothy Gibson,1973-09-16,2003-09-16,Columbia University Vagelos College of Physicians and Surgeons,258074.453014684
283,Edgar Harris,1988-06-13,2018-06-13,Columbia University Vagelos College of Physicians and Surgeons,297142.64765324
284,Erin Ramirez,1974-03-13,2004-03-13,University of Michigan Medical School,311712.070317488
285,Robert Haynes,1950-04-28,1980-04-28,Columbia University Vagelos College of Physicians and Surgeons,266698.856847256
286,Anthony Miller,1988-02-08,2018-02-08,Yale School of Medicine,361475.367680545
287,Ryan Craig,1989-03-06,2019-03-06,David Geffen School of Medicine at UCLA,308343.180572759
288,Austin Alvarado,1986-03-27,2016-03-27,Harvard Medical School,301733.867567557
289,Sheri Howard,1965-03-23,1995-03-23,Perelman School of Medicine (University of Pennsylvania),323089.732540369
290,Ashley Le,1952-04-26,1982-04-26,University of Texas Southwestern Medical School,275132.157574022
291,Antonio Stark,1979-12-29,2009-12-29,"University of California, San Francisco School of Medicine",304904.324375024
292,Brandy Anderson,1987-07-09,2017-07-09,Washington University in St. Louis School of Medicine,278494.013389272
293,Jonathan Obrien DDS,1992-02-15,2022-02-15,University of Texas Southwestern Medical School,346760.397302669
294,Adrienne Johnson,1987-08-21,2017-08-21,Johns Hopkins University School of Medicine,268240.819518088
295,David Carter,1967-09-18,1997-09-18,Harvard Medical School,301894.963779215
296,Amber Parker MD,1975-07-22,2005-07-22,University of Texas Southwestern Medical School,309879.473554553
297,Amanda Rogers,1985-02-05,2015-02-05,University of Chicago Pritzker School of Medicine,311844.772332231
298,John Williams,1961-07-10,1991-07-10,University of Michigan Medical School,282562.944807515
299,Anthony Lowery,1967-03-16,1997-03-16,NYU Grossman Medical School,273134.717935647
300,Vicki Foster,1955-08-11,1985-08-11,Johns Hopkins University School of Medicine,282996.144808617
301,Mr. Adrian Pittman II,1967-01-25,1997-01-25,Columbia University Vagelos College of Physicians and Surgeons,315849.763026308
302,Mark Martin,1985-06-07,2015-06-07,Mayo Clinic Alix School of Medicine,295684.626872641
303,Matthew Ward,1984-07-08,2014-07-08,University of Chicago Pritzker School of Medicine,323886.264253576
304,James Jackson,1976-09-26,2006-09-26,Johns Hopkins University School of Medicine,314310.111581852
305,Barbara Warner,1955-01-03,1985-01-03,NYU Grossman Medical School,231692.619057012
306,Lacey Gomez,1955-04-02,1985-04-02,Baylor College of Medicine,307424.933905116
307,Jamie Marks,1969-02-18,1999-02-18,Columbia University Vagelos College of Physicians and Surgeons,367513.643034488
308,Melissa Brown,1989-12-16,2019-12-16,University of Texas Southwestern Medical School,339758.07153115
309,Leah Meadows,1985-07-13,2015-07-13,University of Texas Southwestern Medical School,312660.394821209
310,Ryan Kirk,1950-01-10,1980-01-10,Johns Hopkins University School of Medicine,268218.236085902
311,Paula Hall,1977-01-04,2007-01-04,Mayo Clinic Alix School of Medicine,314326.611483769
312,Krystal Webb,1956-01-29,1986-01-29,Baylor College of Medicine,322192.498196348
313,Mark Nichols,1969-04-12,1999-04-12,Columbia University Vagelos College of Physicians and Surgeons,292387.599575172
314,Michael Hodges,1964-06-23,1994-06-23,NYU Grossman Medical School,309502.261764133
315,Michelle Williams,1954-06-08,1984-06-08,Perelman School of Medicine (University of Pennsylvania),345289.873751881
316,Cody Olson,1973-04-22,2003-04-22,University of Texas Southwestern Medical School,274281.767407748
317,Veronica Moore,1953-09-04,1983-09-04,NYU Grossman Medical School,268251.011851226
318,Ryan Thomas,1978-12-08,2008-12-08,Harvard Medical School,320780.979779826
319,Daniel Morgan II,1988-12-18,2018-12-18,University of Texas Southwestern Medical School,313726.279085942
320,Carol Sanchez,1959-07-23,1989-07-23,NYU Grossman Medical School,330865.148862384
321,Carolyn Clark,1975-06-29,2005-06-29,Stanford University School of Medicine,317093.814357113
322,Cheryl Smith,1971-11-11,2001-11-11,University of Michigan Medical School,282967.348104774
323,Teresa Brown,1983-06-16,2013-06-16,Washington University in St. Louis School of Medicine,312965.779543962
324,Matthew Wyatt,1950-08-24,1980-08-24,David Geffen School of Medicine at UCLA,265736.203701115
325,William Mclaughlin,1977-10-27,2007-10-27,University of Michigan Medical School,292490.43864801
326,Mary Owens,1955-03-24,1985-03-24,Yale School of Medicine,315083.976928992
327,Christine Rogers,1973-06-16,2003-06-16,Washington University in St. Louis School of Medicine,289184.573498283
328,Greg Clark,1959-09-01,1989-09-01,University of Chicago Pritzker School of Medicine,374041.565466895
329,Dorothy Palmer,1964-05-23,1994-05-23,NYU Grossman Medical School,243234.47253529
330,Luis Powell MD,1972-05-07,2002-05-07,Washington University in St. Louis School of Medicine,283575.289290036
331,Teresa Scott,1964-10-29,1994-10-29,Yale School of Medicine,271866.604983903
332,Erin Oliver,1959-04-15,1989-04-15,Columbia University Vagelos College of Physicians and Surgeons,278989.535776261
333,Mark Woods,1980-07-19,2010-07-19,Perelman School of Medicine (University of Pennsylvania),280710.053295574
334,Nicole Holland,1966-04-18,1996-04-18,Stanford University School of Medicine,260207.37939423
335,Wesley Davidson,1971-12-04,2001-12-04,Harvard Medical School,322581.064457179
336,Tanya Mccarty,1974-10-26,2004-10-26,NYU Grossman Medical School,283587.141078387
337,Gary Swanson,1992-07-03,2022-07-03,Harvard Medical School,304907.20006766
338,Brittany Harris,1950-03-19,1980-03-19,Mayo Clinic Alix School of Medicine,286955.227142693
339,Kenneth Glass,1970-09-30,2000-09-30,University of Texas Southwestern Medical School,279273.587631414
340,Jacqueline Johnson,1988-06-30,2018-06-30,NYU Grossman Medical School,350168.377082605
341,Jason Martinez,1978-11-05,2008-11-05,David Geffen School of Medicine at UCLA,327687.965466282
342,Anthony Phillips,1976-01-15,2006-01-15,NYU Grossman Medical School,243953.988001346
343,Abigail Cummings,1969-01-04,1999-01-04,Johns Hopkins University School of Medicine,240775.876549923
344,Christina Miller,1982-09-24,2012-09-24,Perelman School of Medicine (University of Pennsylvania),331278.265069095
345,Lisa Anderson,1971-05-15,2001-05-15,Johns Hopkins University School of Medicine,284404.398253537
346,Jessica Wallace,1967-12-23,1997-12-23,NYU Grossman Medical School,250527.529981973
347,Kathy Watkins,1966-05-21,1996-05-21,Stanford University School of Medicine,331372.05397621
348,Jeffrey Williams,1962-10-15,1992-10-15,Washington University in St. Louis School of Medicine,305073.721502973
349,Lindsay Martinez,1975-02-23,2005-02-23,Harvard Medical School,307547.13254497
350,Kevin Hodges,1956-01-02,1986-01-02,Stanford University School of Medicine,324286.178160177
351,Robert Clements,1953-06-02,1983-06-02,NYU Grossman Medical School,260700.685251528
352,Samuel Martinez,1980-10-16,2010-10-16,Yale School of Medicine,251054.975358475
353,Amy Rios,1985-01-07,2015-01-07,Washington University in St. Louis School of Medicine,347428.628847096
354,Joanne Hernandez,1960-02-05,1990-02-05,Yale School of Medicine,256884.997177731
355,Nathan Parker,1961-01-01,1991-01-01,Harvard Medical School,263332.866087733
356,James Sparks,1980-12-11,2010-12-11,Washington University in St. Louis School of Medicine,269326.938613627
357,Jennifer Johnson,1955-05-25,1985-05-25,David Geffen School of Medicine at UCLA,362398.377710716
358,Ashley Goodwin,1972-12-20,2002-12-20,Perelman School of Medicine (University of Pennsylvania),314801.499012346
359,Shannon Lam,1992-02-04,2022-02-04,University of Michigan Medical School,328962.239233061
360,Chase Mcpherson Jr.,1965-11-06,1995-11-06,Baylor College of Medicine,305885.026367362
361,Matthew Nelson,1964-10-22,1994-10-22,University of Chicago Pritzker School of Medicine,281943.383663963
362,Dawn Haley,1975-11-12,2005-11-12,Stanford University School of Medicine,318938.738497805
363,Karl Bruce,1952-07-11,1982-07-11,University of Texas Southwestern Medical School,253301.520876096
364,Molly Dean,1951-02-24,1981-02-24,Stanford University School of Medicine,267141.496437105
365,Michael Harris,1979-07-17,2009-07-17,Baylor College of Medicine,321989.255377844
366,Miss Valerie George,1953-01-25,1983-01-25,University of Michigan Medical School,259282.343075197
367,Chelsey Davis,1980-10-30,2010-10-30,"University of California, San Francisco School of Medicine",294327.555925144
368,Scott Rivera,1956-05-25,1986-05-25,Columbia University Vagelos College of Physicians and Surgeons,295694.629669338
369,Andrew Miller,1964-09-17,1994-09-17,David Geffen School of Medicine at UCLA,284140.139899885
370,David Perez,1956-02-22,1986-02-22,Yale School of Medicine,241466.445754534
371,Louis Chambers,1962-08-18,1992-08-18,NYU Grossman Medical School,281132.133264339
372,Richard Richmond,1988-03-08,2018-03-08,David Geffen School of Medicine at UCLA,275250.948692025
373,Elaine Page DVM,1980-05-27,2010-05-27,Baylor College of Medicine,304843.195898631
374,Laura Brown,1986-10-08,2016-10-08,NYU Grossman Medical School,303314.716160984
375,Michael Berger,1967-06-12,1997-06-12,University of Texas Southwestern Medical School,311338.843798106
376,Gabriela Garcia,1967-05-31,1997-05-31,Johns Hopkins University School of Medicine,279720.411810768
377,Dustin Griffin,1971-07-13,2001-07-13,Washington University in St. Louis School of Medicine,315683.338513977
378,Jo Beard,1958-11-03,1988-11-03,Columbia University Vagelos College of Physicians and Surgeons,253319.79801679
379,Jennifer Murray,1989-05-18,2019-05-18,Perelman School of Medicine (University of Pennsylvania),245342.858020429
380,Christopher Murphy,1957-12-01,1987-12-01,Perelman School of Medicine (University of Pennsylvania),229932.818275001
381,Nicole King,1960-04-14,1990-04-14,Baylor College of Medicine,285021.08281284
382,Alex Anderson,1993-03-06,2023-03-06,David Geffen School of Medicine at UCLA,277401.053269843
383,Robert Thomas,1957-04-28,1987-04-28,Perelman School of Medicine (University of Pennsylvania),323679.468355638
384,Antonio Campbell,1968-11-20,1998-11-20,University of Texas Southwestern Medical School,280540.122388534
385,Jennifer Evans,1977-10-13,2007-10-13,Yale School of Medicine,308201.290438328
386,Emily Anderson DDS,1952-03-04,1982-03-04,"University of California, San Francisco School of Medicine",324398.897297492
387,Jessica Matthews,1955-10-18,1985-10-18,Stanford University School of Medicine,279410.427730527
388,Steven Henry,1965-10-28,1995-10-28,Mayo Clinic Alix School of Medicine,308941.566303215
389,Jonathan Baker,1983-09-03,2013-09-03,University of Texas Southwestern Medical School,330057.826468656
390,Alyssa Watts,1988-10-01,2018-10-01,NYU Grossman Medical School,262855.116755833
391,Edgar Harris,1980-06-03,2010-06-03,University of Chicago Pritzker School of Medicine,300745.570147339
392,Rebecca Hernandez,1979-07-17,2009-07-17,Baylor College of Medicine,279538.968504021
393,Nicole Keith,1981-03-16,2011-03-16,Johns Hopkins University School of Medicine,264765.303525206
394,Brent Brewer,1985-08-04,2015-08-04,Washington University in St. Louis School of Medicine,253906.447785293
395,Aaron Johnson,1952-03-25,1982-03-25,University of Chicago Pritzker School of Medicine,264280.542834639
396,Linda Johnson,1978-11-11,2008-11-11,Washington University in St. Louis School of Medicine,301800.87017256
397,Amy Daniels,1956-09-09,1986-09-09,Harvard Medical School,251674.666333148
398,Shaun Little,1978-08-19,2008-08-19,University of Chicago Pritzker School of Medicine,283478.189277341
399,Richard Garcia,1978-06-03,2008-06-03,Mayo Clinic Alix School of Medicine,324395.832205587
400,Michael Morales,1971-04-24,2001-04-24,David Geffen School of Medicine at UCLA,313470.328902568
401,Amanda James,1981-05-31,2011-05-31,"University of California, San Francisco School of Medicine",284084.771311855
402,Robin Rose,1991-12-20,2021-12-20,Stanford University School of Medicine,350690.712400762
403,Brittany Harris,1952-04-07,1982-04-07,Stanford University School of Medicine,356791.09241735
404,Monique Hall,1969-07-27,1999-07-27,"University of California, San Francisco School of Medicine",300783.672946192
405,Christopher Webster,1962-03-10,1992-03-10,Yale School of Medicine,225943.712523471
406,Logan Hansen,1992-01-04,2022-01-04,Columbia University Vagelos College of Physicians and Surgeons,326593.445910488
407,Donna Williams,1987-05-02,2017-05-02,Harvard Medical School,231180.709798992
408,Mr. Andrew Keller,1966-04-26,1996-04-26,Washington University in St. Louis School of Medicine,344284.383321602
409,Lori Jackson,1950-05-07,1980-05-07,Mayo Clinic Alix School of Medicine,332507.547022269
410,Richard Aguilar,1974-01-30,2004-01-30,Perelman School of Medicine (University of Pennsylvania),353226.375124141
411,Mario Kelly II,1981-11-15,2011-11-15,University of Chicago Pritzker School of Medicine,307807.966751032
412,Christina Anderson,1969-09-14,1999-09-14,Harvard Medical School,289158.426984545
413,Tina Wall,1981-08-25,2011-08-25,University of Texas Southwestern Medical School,286496.965989293
414,James Allen,1959-03-23,1989-03-23,Baylor College of Medicine,283612.194869073
415,Heidi Melton,1960-05-25,1990-05-25,University of Chicago Pritzker School of Medicine,329432.059610241
416,Andre Johnson,1991-05-20,2021-05-20,Mayo Clinic Alix School of Medicine,321368.144685176
417,Gary Baldwin,1987-07-24,2017-07-24,Johns Hopkins University School of Medicine,303606.769003026
418,Matthew Perez,1954-11-28,1984-11-28,Johns Hopkins University School of Medicine,278334.560762191
419,Jasmine Perkins,1980-04-06,2010-04-06,NYU Grossman Medical School,378876.378939008
420,Laura Hamilton,1959-07-09,1989-07-09,Harvard Medical School,327371.238418886
421,Kathleen Mitchell,1959-05-11,1989-05-11,David Geffen School of Medicine at UCLA,252068.642406798
422,Sandra Porter,1954-07-04,1984-07-04,Mayo Clinic Alix School of Medicine,284512.319521886
423,Cristina Ortega,1990-05-26,2020-05-26,Mayo Clinic Alix School of Medicine,327953.282922261
424,Kelly Massey,1958-05-31,1988-05-31,"University of California, San Francisco School of Medicine",276013.832363019
425,Renee Young,1955-01-29,1985-01-29,University of Texas Southwestern Medical School,310546.438764777
426,Vicki Foster,1962-10-07,1992-10-07,David Geffen School of Medicine at UCLA,328523.889010084
427,Jason Johnston,1967-11-02,1997-11-02,University of Texas Southwestern Medical School,198347.157520308
428,Alexis Nolan,1957-06-01,1987-06-01,Yale School of Medicine,296758.869006322
429,Brittany Mullen,1982-01-07,2012-01-07,Washington University in St. Louis School of Medicine,297936.274606954
430,Megan Guzman,1976-01-29,2006-01-29,Washington University in St. Louis School of Medicine,287637.826329486
431,Aaron Graves,1967-09-05,1997-09-05,Perelman School of Medicine (University of Pennsylvania),309050.854048381
432,Robert Schmidt,1961-07-14,1991-07-14,NYU Grossman Medical School,319725.588224876
433,Stephanie Ward,1986-03-17,2016-03-17,Stanford University School of Medicine,304261.528329738
434,Sara Lopez,1971-10-28,2001-10-28,Johns Hopkins University School of Medicine,288785.178178517
435,Miranda Hunt,1954-06-14,1984-06-14,Baylor College of Medicine,318978.638993528
436,Pamela Hendrix,1978-03-29,2008-03-29,Washington University in St. Louis School of Medicine,301471.602278231
437,Nathan Davis,1971-10-31,2001-10-31,David Geffen School of Medicine at UCLA,293078.987604136
438,Rhonda Wall,1973-06-26,2003-06-26,Mayo Clinic Alix School of Medicine,260631.618439832
439,Amy Payne,1972-02-05,2002-02-05,Baylor College of Medicine,253120.356442018
440,Jared Diaz,1973-09-23,2003-09-23,University of Michigan Medical School,260063.106218578
441,Ashley Torres,1959-11-10,1989-11-10,University of Texas Southwestern Medical School,308349.871836606
442,Joseph Jackson,1968-07-28,1998-07-28,Washington University in St. Louis School of Medicine,297627.637571809
443,Julie Long,1986-03-19,2016-03-19,Mayo Clinic Alix School of Medicine,255591.477053776
444,Ryan Gutierrez,1975-01-16,2005-01-16,Washington University in St. Louis School of Medicine,319377.534773814
445,Nathan Smith,1963-08-12,1993-08-12,Johns Hopkins University School of Medicine,341229.285395373
446,Amy Bryant,1986-12-08,2016-12-08,University of Michigan Medical School,282045.19149851
447,Joshua Guerrero,1985-06-17,2015-06-17,University of Chicago Pritzker School of Medicine,247770.544278949
448,Geoffrey Jacobson,1983-09-17,2013-09-17,Washington University in St. Louis School of Medicine,278726.208452943
449,Alyssa Thomas,1955-06-14,1985-06-14,Yale School of Medicine,325633.818803841
450,Lisa Wallace,1964-07-05,1994-07-05,David Geffen School of Medicine at UCLA,316455.895756043
451,Gerald Green,1985-08-02,2015-08-02,Washington University in St. Louis School of Medicine,272327.019419656
452,Christopher Esparza,1986-11-20,2016-11-20,Stanford University School of Medicine,345635.164132942
453,Rhonda Wolf,1961-12-29,1991-12-29,Baylor College of Medicine,340448.401977792
454,Hannah Roberts,1963-01-10,1993-01-10,Baylor College of Medicine,278009.818101701
455,Ashley Young,1978-06-18,2008-06-18,Johns Hopkins University School of Medicine,277701.299911051
456,Tasha Griffin,1994-06-20,2024-06-20,David Geffen School of Medicine at UCLA,282215.161878615
457,Mary Medina,1965-04-20,1995-04-20,University of Michigan Medical School,284780.016738344
458,Taylor Williams PhD,1963-07-16,1993-07-16,Yale School of Medicine,328516.140237853
459,Trevor Cook,1986-09-04,2016-09-04,"University of California, San Francisco School of Medicine",312759.871814298
460,Marissa Shepherd,1961-08-14,1991-08-14,David Geffen School of Medicine at UCLA,326312.363080518
461,Thomas Harrell,1977-02-24,2007-02-24,Baylor College of Medicine,320206.954295601
462,Marc Romero,1977-05-03,2007-05-03,Stanford University School of Medicine,351435.812045812
463,David Fisher,1954-10-26,1984-10-26,University of Chicago Pritzker School of Medicine,268218.433685726
464,Ronald Chen,1975-02-20,2005-02-20,Johns Hopkins University School of Medicine,311410.755911517
465,Christie Kelly,1956-10-18,1986-10-18,"University of California, San Francisco School of Medicine",234785.362312959
466,Paige Morris,1952-08-09,1982-08-09,Stanford University School of Medicine,260491.332777094
467,Timothy Wilson,1955-09-11,1985-09-11,University of Michigan Medical School,297754.398421955
468,Bryan Smith,1957-06-10,1987-06-10,University of Texas Southwestern Medical School,312546.198382636
469,James Brown,1976-07-15,2006-07-15,University of Michigan Medical School,296945.527739113
470,Alexander Jimenez,1970-01-07,2000-01-07,Stanford University School of Medicine,282984.22743562
471,Vickie Collins,1952-02-08,1982-02-08,University of Texas Southwestern Medical School,288317.463675209
472,Ryan Jarvis,1965-01-12,1995-01-12,Harvard Medical School,341083.229292723
473,Alexander Rodriguez,1992-07-13,2022-07-13,Johns Hopkins University School of Medicine,288479.034663596
474,George Lee,1968-03-12,1998-03-12,David Geffen School of Medicine at UCLA,352477.248661306
475,Renee Brown,1964-04-29,1994-04-29,University of Texas Southwestern Medical School,323820.512206234
476,Terry Chan,1981-06-12,2011-06-12,NYU Grossman Medical School,313726.120384447
477,Ivan Doyle,1965-11-15,1995-11-15,University of Texas Southwestern Medical School,264192.09269037
478,Drew Sanchez,1983-10-17,2013-10-17,Mayo Clinic Alix School of Medicine,328057.144841989
479,Richard Carter,1972-01-04,2002-01-04,University of Chicago Pritzker School of Medicine,285186.882667545
480,Daniel Mack,1993-10-24,2023-10-24,Mayo Clinic Alix School of Medicine,264166.807259829
481,Larry Campbell,1985-10-31,2015-10-31,David Geffen School of Medicine at UCLA,315385.308392381
482,Jennifer Roberts,1963-05-06,1993-05-06,David Geffen School of Medicine at UCLA,258361.618183004
483,Alan Johnson,1954-01-21,1984-01-21,Johns Hopkins University School of Medicine,277132.756136113
484,Victoria Chavez,1977-08-20,2007-08-20,David Geffen School of Medicine at UCLA,299696.522655933
485,Kevin Walls,1989-06-27,2019-06-27,Baylor College of Medicine,366552.642723442
486,Janet Williams,1970-12-05,2000-12-05,University of Texas Southwestern Medical School,279392.527326225
487,Carla Dougherty,1993-01-03,2023-01-03,University of Texas Southwestern Medical School,286253.504420983
488,Sara Newman,1980-11-10,2010-11-10,Harvard Medical School,321970.351632649
489,Shelby Mathews,1984-07-01,2014-07-01,"University of California, San Francisco School of Medicine",262851.129348719
490,Shawn Bryant,1980-02-11,2010-02-11,David Geffen School of Medicine at UCLA,313284.191430627
491,Heather Fisher,1989-02-20,2019-02-20,Mayo Clinic Alix School of Medicine,336177.804228498
492,Shelley Cobb,1979-04-01,2009-04-01,David Geffen School of Medicine at UCLA,290787.153458667
493,Amy Watson,1994-11-06,2024-11-06,University of Michigan Medical School,330784.628441906
494,Eric Patton,1973-04-29,2003-04-29,Harvard Medical School,308743.497696354
495,James Johnson,1959-01-14,1989-01-14,Baylor College of Medicine,278079.541085887
496,Andrew Wallace,1968-05-28,1998-05-28,Baylor College of Medicine,294065.859423105
497,Phillip Weaver,1969-10-06,1999-10-06,Washington University in St. Louis School of Medicine,288607.279800593
498,Craig Brooks,1958-05-13,1988-05-13,University of Texas Southwestern Medical School,297370.852265506
499,Bernard Miller,1987-03-03,2017-03-03,Baylor College of Medicine,304581.536976595
